sequence_id,length,gc_content,complexity,molecular_weight
LC726458.1,737,37.44911804613297,0.8060109289617486,237251.4
LC769018.1,3813,56.15001311303436,0.4682247899159664,1233676.5999999999
